,File,File size,Executor cores,Executor memory,Max cores,Data load time,Training time,Evaluation time,Overall exec time,Model accuracy
0,reddit_50k,0.3651625029742718,2,2g,2,10.302016544342042,45.125135040283205,3.2713354587554933,59.00518460273743,0.48095339433922113
1,reddit_100k,0.7302999086678028,4,4g,4,10.082479524612427,29.31397500038147,3.0106263160705566,42.59211258888244,0.500373253705876
2,reddit_200k,1.4568906370550394,4,4g,4,13.161324214935302,43.89672431945801,4.674155282974243,61.99706950187683,0.526313025210084
3,reddit_500k,3.637078709900379,4,4g,10,19.901318264007568,180.38435792922974,13.88722267150879,214.5701570034027,0.5394881587413604
4,corpus-webis-tldr-17,18.272815735079348,4,4g,32,88.46384267807007,481.2293424129486,28.389682960510253,598.3759604454041,0.5502707183751716
