,File,File size,Executor cores,Executor memory,Max cores,Data load time,Training time,Evaluation time,Overall exec time,Model accuracy
0,reddit_50k,0.3651625029742718,2,2g,2,10.83716549873352,62.82888569831848,3.744938850402832,77.67947835922241,0.48095339433922113
1,reddit_100k,0.7302999086678028,4,4g,4,9.58975796699524,28.7363639831543,2.9542518138885496,41.57203869819641,0.500373253705876
2,reddit_200k,1.4568906370550394,4,4g,4,13.542774486541749,46.246853303909305,4.371213436126709,64.38922328948975,0.526313025210084
3,reddit_500k,3.637078709900379,4,4g,10,29.637732172012328,232.3113450527191,24.569814491271973,286.7209562778473,0.5394881587413604
4,corpus-webis-tldr-17,18.272815735079348,4,4g,32,104.00619549751282,618.1843870639801,84.07183785438538,806.6028195858001,0.5502707183751716
