,File,File size,Executor cores,Executor memory,Max cores,Data load time,Training time,Evaluation time,Overall exec time,Model accuracy
0,reddit_50k,0.3651625029742718,2,2g,2,14.645379018783569,60.651441431045534,5.17442569732666,80.91069526672364,0.5005320280910832
1,reddit_100k,0.7302999086678028,4,4g,4,10.439178562164306,43.180311393737796,3.772187662124634,57.83277292251587,0.487256052042231
2,reddit_200k,1.4568906370550394,4,4g,4,20.268024301528932,86.02305603027344,7.646620845794677,114.16788544654847,0.4873949579831932
3,reddit_500k,3.637078709900379,4,4g,10,22.611528301239012,121.92682585716247,13.824416017532348,158.81259984970092,0.48776437867120526
4,corpus-webis-tldr-17,18.272815735079348,4,4g,32,121.23615627288818,461.3032410144806,85.10082278251647,667.9548189163208,0.43630418325374415
