,File,File size,Executor cores,Executor memory,Max cores,Data load time,Training time,Evaluation time,Overall exec time,Model accuracy
0,reddit_50k,0.3651625029742718,2,2g,2,15.284378051757812,65.25818338394166,5.354824638366699,86.1168577671051,0.5005320280910832
1,reddit_100k,0.7302999086678028,4,4g,4,15.143068504333495,60.79729247093201,5.392377519607544,81.60502810478211,0.487256052042231
2,reddit_200k,1.4568906370550394,4,4g,4,20.316987991333008,104.46333751678466,11.333767461776734,136.36105365753173,0.4873949579831932
3,reddit_500k,3.637078709900379,4,4g,10,31.84801015853882,140.58332962989806,21.978183031082153,194.6348928928375,0.48776437867120526
4,corpus-webis-tldr-17,18.272815735079348,4,4g,32,165.00804529190063,627.5702125549317,148.07593603134154,940.9488930225373,0.43630418325374415
