,File,File size,Original samples,Not null samples,Top 25 samples
0,reddit_50k,0.3651625029742718,99999,49817,24040
1,reddit_100k,0.7302999086678028,200001,99668,47829
2,reddit_200k,1.4568906370550394,400001,199278,96392
3,reddit_500k,3.637078709900379,1000001,498212,240448
4,corpus-webis-tldr-17,18.272815735079348,3848330,3848194,1734553
